Utilities,SalePrice
AllPub,755000.0
AllPub,745000.0
AllPub,625000.0
AllPub,611657.0
AllPub,582933.0
AllPub,556581.0
AllPub,555000.0
AllPub,538000.0
AllPub,501837.0
AllPub,485000.0
AllPub,475000.0
AllPub,466500.0
AllPub,465000.0
AllPub,451950.0
AllPub,446261.0
AllPub,440000.0
AllPub,438780.0
AllPub,437154.0
AllPub,430000.0
AllPub,426000.0
AllPub,424870.0
AllPub,423000.0
AllPub,415298.0
AllPub,412500.0
AllPub,410000.0
AllPub,403000.0
AllPub,402861.0
AllPub,402000.0
AllPub,395192.0
AllPub,395000.0
AllPub,394617.0
AllPub,394432.0
AllPub,392500.0
AllPub,392000.0
AllPub,386250.0
AllPub,385000.0
AllPub,385000.0
AllPub,383970.0
AllPub,381000.0
AllPub,380000.0
AllPub,378500.0
AllPub,377500.0
AllPub,377426.0
AllPub,375000.0
AllPub,374000.0
AllPub,372500.0
AllPub,372402.0
AllPub,370878.0
AllPub,369900.0
AllPub,367294.0
AllPub,361919.0
AllPub,360000.0
AllPub,359100.0
AllPub,354000.0
AllPub,350000.0
AllPub,350000.0
AllPub,348000.0
AllPub,345000.0
AllPub,345000.0
AllPub,342643.0
AllPub,341000.0
AllPub,340000.0
AllPub,340000.0
AllPub,339750.0
AllPub,337500.0
AllPub,337000.0
AllPub,336000.0
AllPub,335000.0
AllPub,335000.0
AllPub,335000.0
AllPub,333168.0
AllPub,328900.0
AllPub,328000.0
AllPub,326000.0
AllPub,325624.0
AllPub,325300.0
AllPub,325000.0
AllPub,325000.0
AllPub,325000.0
AllPub,325000.0
AllPub,324000.0
AllPub,320000.0
AllPub,320000.0
AllPub,320000.0
AllPub,320000.0
AllPub,319900.0
AllPub,319000.0
AllPub,318061.0
AllPub,318000.0
AllPub,318000.0
AllPub,317000.0
AllPub,316600.0
AllPub,315750.0
AllPub,315500.0
AllPub,315000.0
AllPub,315000.0
AllPub,315000.0
AllPub,315000.0
AllPub,314813.0
AllPub,313000.0
AllPub,312500.0
AllPub,311872.0
AllPub,311500.0
AllPub,310000.0
AllPub,310000.0
AllPub,309000.0
AllPub,307000.0
AllPub,306000.0
AllPub,305900.0
AllPub,305000.0
AllPub,303477.0
AllPub,302000.0
AllPub,302000.0
AllPub,301500.0
AllPub,301000.0
AllPub,299800.0
AllPub,297000.0
AllPub,295493.0
AllPub,295000.0
AllPub,294000.0
AllPub,293077.0
AllPub,290000.0
AllPub,290000.0
AllPub,290000.0
AllPub,290000.0
AllPub,290000.0
AllPub,289000.0
AllPub,287090.0
AllPub,287000.0
AllPub,287000.0
AllPub,286000.0
AllPub,285000.0
AllPub,285000.0
AllPub,285000.0
AllPub,284000.0
AllPub,284000.0
AllPub,283463.0
AllPub,282922.0
AllPub,281213.0
AllPub,281000.0
AllPub,280000.0
AllPub,280000.0
AllPub,280000.0
AllPub,280000.0
AllPub,279500.0
AllPub,278000.0
AllPub,278000.0
AllPub,277500.0
AllPub,277000.0
AllPub,277000.0
AllPub,276000.0
AllPub,275500.0
AllPub,275000.0
AllPub,275000.0
AllPub,275000.0
AllPub,275000.0
AllPub,275000.0
AllPub,274970.0
AllPub,274900.0
AllPub,274725.0
AllPub,274300.0
AllPub,274000.0
AllPub,272000.0
AllPub,272000.0
AllPub,271900.0
AllPub,271000.0
AllPub,271000.0
AllPub,270000.0
AllPub,270000.0
AllPub,270000.0
AllPub,269790.0
AllPub,269500.0
AllPub,268000.0
AllPub,268000.0
AllPub,267000.0
AllPub,266500.0
AllPub,266000.0
AllPub,266000.0
AllPub,265979.0
AllPub,265900.0
AllPub,265000.0
AllPub,264561.0
AllPub,264132.0
AllPub,263435.0
AllPub,263000.0
AllPub,262500.0
AllPub,262500.0
AllPub,262280.0
AllPub,262000.0
AllPub,261500.0
AllPub,260400.0
AllPub,260000.0
AllPub,260000.0
AllPub,260000.0
AllPub,260000.0
AllPub,260000.0
AllPub,260000.0
AllPub,259500.0
AllPub,259000.0
AllPub,258000.0
AllPub,257500.0
AllPub,257000.0
AllPub,256300.0
AllPub,256000.0
AllPub,256000.0
AllPub,255900.0
AllPub,255500.0
AllPub,255000.0
AllPub,255000.0
AllPub,254900.0
AllPub,254000.0
AllPub,253293.0
AllPub,253000.0
AllPub,252678.0
AllPub,252000.0
AllPub,251000.0
AllPub,250580.0
AllPub,250000.0
AllPub,250000.0
AllPub,250000.0
AllPub,250000.0
AllPub,250000.0
AllPub,250000.0
AllPub,250000.0
AllPub,250000.0
AllPub,249700.0
AllPub,248900.0
AllPub,248328.0
AllPub,248000.0
AllPub,248000.0
AllPub,246578.0
AllPub,245500.0
AllPub,245350.0
AllPub,245000.0
AllPub,244600.0
AllPub,244400.0
AllPub,244000.0
AllPub,244000.0
AllPub,244000.0
AllPub,243000.0
AllPub,242000.0
AllPub,242000.0
AllPub,241500.0
AllPub,241500.0
AllPub,241000.0
AllPub,240000.0
AllPub,240000.0
AllPub,240000.0
AllPub,240000.0
AllPub,240000.0
AllPub,240000.0
AllPub,239900.0
AllPub,239799.0
AllPub,239686.0
AllPub,239500.0
AllPub,239000.0
AllPub,239000.0
AllPub,239000.0
AllPub,239000.0
AllPub,239000.0
AllPub,239000.0
AllPub,238000.0
AllPub,237500.0
AllPub,237000.0
AllPub,237000.0
AllPub,236500.0
AllPub,236500.0
AllPub,236000.0
AllPub,236000.0
AllPub,235128.0
AllPub,235000.0
AllPub,235000.0
AllPub,235000.0
AllPub,235000.0
AllPub,235000.0
AllPub,235000.0
AllPub,235000.0
AllPub,234000.0
AllPub,234000.0
AllPub,233230.0
AllPub,233170.0
AllPub,233000.0
AllPub,232600.0
AllPub,232000.0
AllPub,232000.0
AllPub,232000.0
AllPub,231500.0
AllPub,231500.0
AllPub,230500.0
AllPub,230000.0
AllPub,230000.0
AllPub,230000.0
AllPub,230000.0
AllPub,230000.0
AllPub,230000.0
AllPub,230000.0
AllPub,230000.0
AllPub,229456.0
AllPub,229000.0
AllPub,228950.0
AllPub,228500.0
AllPub,228500.0
AllPub,228000.0
AllPub,228000.0
AllPub,227875.0
AllPub,227680.0
AllPub,227000.0
AllPub,227000.0
AllPub,227000.0
AllPub,226700.0
AllPub,226000.0
AllPub,226000.0
AllPub,226000.0
AllPub,225000.0
AllPub,225000.0
AllPub,225000.0
AllPub,225000.0
AllPub,225000.0
AllPub,225000.0
AllPub,224900.0
AllPub,224900.0
AllPub,224500.0
AllPub,224000.0
AllPub,224000.0
AllPub,223500.0
AllPub,223500.0
AllPub,223000.0
AllPub,222500.0
AllPub,222500.0
AllPub,222000.0
AllPub,222000.0
AllPub,222000.0
AllPub,221500.0
AllPub,221000.0
AllPub,221000.0
AllPub,220000.0
AllPub,220000.0
AllPub,220000.0
AllPub,220000.0
AllPub,220000.0
AllPub,219500.0
AllPub,219500.0
AllPub,219500.0
AllPub,219210.0
AllPub,218000.0
AllPub,217500.0
AllPub,217000.0
AllPub,217000.0
AllPub,216837.0
AllPub,216500.0
AllPub,216000.0
AllPub,215200.0
AllPub,215000.0
AllPub,215000.0
AllPub,215000.0
AllPub,215000.0
AllPub,215000.0
AllPub,215000.0
AllPub,215000.0
AllPub,215000.0
AllPub,214900.0
AllPub,214500.0
AllPub,214000.0
AllPub,214000.0
AllPub,214000.0
AllPub,214000.0
AllPub,214000.0
AllPub,213500.0
AllPub,213500.0
AllPub,213490.0
AllPub,213250.0
AllPub,213000.0
AllPub,213000.0
AllPub,213000.0
AllPub,212900.0
AllPub,212000.0
AllPub,212000.0
AllPub,212000.0
AllPub,211000.0
AllPub,211000.0
AllPub,210000.0
AllPub,210000.0
AllPub,210000.0
AllPub,210000.0
AllPub,210000.0
AllPub,209500.0
AllPub,208900.0
AllPub,208900.0
AllPub,208500.0
AllPub,208300.0
AllPub,207500.0
AllPub,207500.0
AllPub,207500.0
AllPub,207500.0
AllPub,207500.0
AllPub,207000.0
AllPub,207000.0
AllPub,206900.0
AllPub,206300.0
AllPub,206000.0
AllPub,205950.0
AllPub,205000.0
AllPub,205000.0
AllPub,205000.0
AllPub,205000.0
AllPub,205000.0
AllPub,205000.0
AllPub,204900.0
AllPub,204750.0
AllPub,204000.0
AllPub,204000.0
AllPub,203000.0
AllPub,203000.0
AllPub,202900.0
AllPub,202665.0
AllPub,202500.0
AllPub,202500.0
AllPub,202500.0
AllPub,201800.0
AllPub,201000.0
AllPub,201000.0
AllPub,201000.0
AllPub,200624.0
AllPub,200500.0
AllPub,200500.0
AllPub,200141.0
AllPub,200100.0
AllPub,200000.0
AllPub,200000.0
AllPub,200000.0
AllPub,200000.0
AllPub,200000.0
AllPub,200000.0
AllPub,200000.0
AllPub,200000.0
AllPub,199900.0
AllPub,199900.0
AllPub,198900.0
AllPub,198500.0
AllPub,197900.0
AllPub,197900.0
AllPub,197900.0
AllPub,197500.0
AllPub,197500.0
AllPub,197000.0
AllPub,197000.0
AllPub,197000.0
AllPub,197000.0
AllPub,196500.0
AllPub,196500.0
AllPub,196000.0
AllPub,196000.0
AllPub,196000.0
AllPub,195400.0
AllPub,195000.0
AllPub,195000.0
AllPub,195000.0
AllPub,194700.0
AllPub,194500.0
AllPub,194500.0
AllPub,194500.0
AllPub,194201.0
AllPub,194000.0
AllPub,194000.0
AllPub,194000.0
AllPub,193879.0
AllPub,193500.0
AllPub,193500.0
AllPub,193000.0
AllPub,193000.0
AllPub,193000.0
AllPub,192500.0
AllPub,192500.0
AllPub,192140.0
AllPub,192000.0
AllPub,192000.0
AllPub,192000.0
AllPub,192000.0
AllPub,192000.0
AllPub,191000.0
AllPub,191000.0
AllPub,191000.0
AllPub,191000.0
AllPub,190000.0
AllPub,190000.0
AllPub,190000.0
AllPub,190000.0
AllPub,190000.0
AllPub,190000.0
AllPub,190000.0
AllPub,190000.0
AllPub,190000.0
AllPub,190000.0
AllPub,190000.0
AllPub,190000.0
AllPub,190000.0
AllPub,189950.0
AllPub,189000.0
AllPub,189000.0
AllPub,189000.0
AllPub,189000.0
AllPub,189000.0
AllPub,189000.0
AllPub,188700.0
AllPub,188500.0
AllPub,188000.0
AllPub,188000.0
AllPub,188000.0
AllPub,187750.0
AllPub,187500.0
AllPub,187500.0
AllPub,187500.0
AllPub,187500.0
AllPub,187500.0
AllPub,187500.0
AllPub,187100.0
AllPub,187000.0
AllPub,187000.0
AllPub,187000.0
AllPub,186700.0
AllPub,186500.0
AllPub,186500.0
AllPub,186000.0
AllPub,185900.0
AllPub,185850.0
AllPub,185750.0
AllPub,185500.0
AllPub,185000.0
AllPub,185000.0
AllPub,185000.0
AllPub,185000.0
AllPub,185000.0
AllPub,185000.0
AllPub,185000.0
AllPub,185000.0
AllPub,185000.0
AllPub,185000.0
AllPub,184900.0
AllPub,184750.0
AllPub,184100.0
AllPub,184000.0
AllPub,184000.0
AllPub,184000.0
AllPub,184000.0
AllPub,183900.0
AllPub,183500.0
AllPub,183200.0
AllPub,183000.0
AllPub,182900.0
AllPub,182000.0
AllPub,181900.0
AllPub,181500.0
AllPub,181134.0
AllPub,181000.0
AllPub,181000.0
AllPub,181000.0
AllPub,181000.0
AllPub,181000.0
AllPub,181000.0
AllPub,181000.0
AllPub,180500.0
AllPub,180500.0
AllPub,180500.0
AllPub,180500.0
AllPub,180000.0
AllPub,180000.0
AllPub,180000.0
AllPub,180000.0
AllPub,180000.0
AllPub,180000.0
AllPub,180000.0
AllPub,180000.0
AllPub,180000.0
AllPub,180000.0
AllPub,179900.0
AllPub,179900.0
AllPub,179900.0
AllPub,179900.0
AllPub,179900.0
AllPub,179665.0
AllPub,179600.0
AllPub,179540.0
AllPub,179500.0
AllPub,179400.0
AllPub,179200.0
AllPub,179200.0
AllPub,179000.0
AllPub,179000.0
AllPub,179000.0
AllPub,178900.0
AllPub,178740.0
AllPub,178400.0
AllPub,178000.0
AllPub,178000.0
AllPub,178000.0
AllPub,178000.0
AllPub,178000.0
AllPub,178000.0
AllPub,178000.0
AllPub,177500.0
AllPub,177500.0
AllPub,177500.0
AllPub,177000.0
AllPub,177000.0
AllPub,177000.0
AllPub,177000.0
AllPub,177000.0
AllPub,176500.0
AllPub,176500.0
AllPub,176485.0
AllPub,176432.0
AllPub,176000.0
AllPub,176000.0
AllPub,176000.0
AllPub,176000.0
AllPub,176000.0
AllPub,176000.0
AllPub,176000.0
AllPub,176000.0
AllPub,175900.0
AllPub,175900.0
AllPub,175500.0
AllPub,175500.0
AllPub,175500.0
AllPub,175000.0
AllPub,175000.0
AllPub,175000.0
AllPub,175000.0
AllPub,175000.0
AllPub,175000.0
AllPub,175000.0
AllPub,175000.0
AllPub,175000.0
AllPub,174900.0
AllPub,174500.0
AllPub,174000.0
AllPub,174000.0
AllPub,174000.0
AllPub,174000.0
AllPub,174000.0
AllPub,174000.0
AllPub,174000.0
AllPub,173900.0
AllPub,173733.0
AllPub,173500.0
AllPub,173000.0
AllPub,173000.0
AllPub,173000.0
AllPub,173000.0
AllPub,173000.0
AllPub,173000.0
AllPub,173000.0
AllPub,172785.0
AllPub,172500.0
AllPub,172500.0
AllPub,172500.0
AllPub,172500.0
AllPub,172500.0
AllPub,172400.0
AllPub,172000.0
AllPub,171900.0
AllPub,171750.0
AllPub,171500.0
AllPub,171000.0
AllPub,171000.0
AllPub,171000.0
AllPub,171000.0
AllPub,171000.0
AllPub,170000.0
AllPub,170000.0
AllPub,170000.0
AllPub,170000.0
AllPub,170000.0
AllPub,170000.0
AllPub,170000.0
AllPub,170000.0
AllPub,169990.0
AllPub,169900.0
AllPub,169500.0
AllPub,169500.0
AllPub,169000.0
AllPub,169000.0
AllPub,169000.0
AllPub,168500.0
AllPub,168500.0
AllPub,168500.0
AllPub,168000.0
AllPub,168000.0
AllPub,168000.0
AllPub,168000.0
AllPub,167900.0
AllPub,167900.0
AllPub,167500.0
AllPub,167500.0
AllPub,167500.0
AllPub,167240.0
AllPub,167000.0
AllPub,167000.0
AllPub,167000.0
AllPub,167000.0
AllPub,166000.0
AllPub,166000.0
AllPub,165600.0
AllPub,165500.0
AllPub,165500.0
AllPub,165500.0
AllPub,165400.0
AllPub,165150.0
AllPub,165000.0
AllPub,165000.0
AllPub,165000.0
AllPub,165000.0
AllPub,165000.0
AllPub,165000.0
AllPub,165000.0
AllPub,165000.0
AllPub,164990.0
AllPub,164900.0
AllPub,164700.0
AllPub,164500.0
AllPub,164500.0
AllPub,164000.0
AllPub,164000.0
AllPub,164000.0
AllPub,163990.0
AllPub,163900.0
AllPub,163500.0
AllPub,163500.0
AllPub,163000.0
AllPub,163000.0
AllPub,163000.0
AllPub,163000.0
AllPub,162900.0
AllPub,162900.0
AllPub,162500.0
AllPub,162000.0
AllPub,162000.0
AllPub,162000.0
AllPub,162000.0
AllPub,161750.0
AllPub,161500.0
AllPub,161500.0
AllPub,161000.0
AllPub,161000.0
AllPub,160200.0
AllPub,160000.0
AllPub,160000.0
AllPub,160000.0
AllPub,160000.0
AllPub,160000.0
AllPub,160000.0
AllPub,160000.0
AllPub,160000.0
AllPub,160000.0
AllPub,160000.0
AllPub,160000.0
AllPub,160000.0
AllPub,159950.0
AllPub,159895.0
AllPub,159500.0
AllPub,159500.0
AllPub,159500.0
AllPub,159434.0
AllPub,159000.0
AllPub,159000.0
AllPub,159000.0
AllPub,159000.0
AllPub,158900.0
AllPub,158500.0
AllPub,158000.0
AllPub,158000.0
AllPub,158000.0
AllPub,158000.0
AllPub,158000.0
AllPub,158000.0
AllPub,157900.0
AllPub,157900.0
AllPub,157500.0
AllPub,157500.0
AllPub,157000.0
AllPub,157000.0
AllPub,157000.0
AllPub,157000.0
AllPub,157000.0
AllPub,157000.0
AllPub,156932.0
AllPub,156500.0
AllPub,156000.0
AllPub,156000.0
AllPub,156000.0
AllPub,156000.0
AllPub,155900.0
AllPub,155835.0
AllPub,155000.0
AllPub,155000.0
AllPub,155000.0
AllPub,155000.0
AllPub,155000.0
AllPub,155000.0
AllPub,155000.0
AllPub,155000.0
AllPub,155000.0
AllPub,155000.0
AllPub,155000.0
AllPub,155000.0
AllPub,155000.0
AllPub,155000.0
AllPub,154900.0
AllPub,154500.0
AllPub,154300.0
AllPub,154000.0
AllPub,154000.0
AllPub,154000.0
AllPub,154000.0
AllPub,154000.0
AllPub,153900.0
AllPub,153900.0
AllPub,153575.0
AllPub,153500.0
AllPub,153500.0
AllPub,153500.0
AllPub,153337.0
AllPub,153000.0
AllPub,153000.0
AllPub,153000.0
AllPub,152000.0
AllPub,152000.0
AllPub,152000.0
AllPub,152000.0
AllPub,152000.0
AllPub,152000.0
AllPub,151500.0
AllPub,151400.0
AllPub,151000.0
AllPub,151000.0
AllPub,151000.0
AllPub,151000.0
AllPub,151000.0
AllPub,150900.0
AllPub,150750.0
AllPub,150500.0
AllPub,150000.0
AllPub,150000.0
AllPub,150000.0
AllPub,150000.0
AllPub,149900.0
AllPub,149900.0
AllPub,149900.0
AllPub,149900.0
AllPub,149700.0
AllPub,149500.0
AllPub,149500.0
AllPub,149350.0
AllPub,149300.0
AllPub,149000.0
AllPub,149000.0
AllPub,149000.0
AllPub,149000.0
AllPub,148800.0
AllPub,148500.0
AllPub,148500.0
AllPub,148500.0
AllPub,148000.0
AllPub,148000.0
AllPub,148000.0
AllPub,148000.0
AllPub,148000.0
AllPub,148000.0
AllPub,148000.0
AllPub,147500.0
AllPub,147400.0
AllPub,147000.0
AllPub,147000.0
AllPub,147000.0
AllPub,147000.0
AllPub,147000.0
AllPub,147000.0
AllPub,147000.0
AllPub,147000.0
AllPub,147000.0
AllPub,146800.0
AllPub,146500.0
AllPub,146000.0
AllPub,146000.0
AllPub,146000.0
AllPub,145900.0
AllPub,145500.0
AllPub,145250.0
AllPub,145000.0
AllPub,145000.0
AllPub,145000.0
AllPub,145000.0
AllPub,145000.0
AllPub,145000.0
AllPub,145000.0
AllPub,145000.0
AllPub,145000.0
AllPub,145000.0
AllPub,145000.0
AllPub,145000.0
AllPub,145000.0
AllPub,145000.0
AllPub,144900.0
AllPub,144500.0
AllPub,144500.0
AllPub,144152.0
AllPub,144000.0
AllPub,144000.0
AllPub,144000.0
AllPub,144000.0
AllPub,144000.0
AllPub,144000.0
AllPub,144000.0
AllPub,144000.0
AllPub,144000.0
AllPub,144000.0
AllPub,143900.0
AllPub,143750.0
AllPub,143500.0
AllPub,143500.0
AllPub,143250.0
AllPub,143000.0
AllPub,143000.0
AllPub,143000.0
AllPub,143000.0
AllPub,143000.0
AllPub,143000.0
AllPub,143000.0
AllPub,143000.0
AllPub,143000.0
AllPub,143000.0
AllPub,142953.0
AllPub,142600.0
AllPub,142500.0
AllPub,142500.0
AllPub,142500.0
AllPub,142125.0
AllPub,142000.0
AllPub,142000.0
AllPub,142000.0
AllPub,142000.0
AllPub,141500.0
AllPub,141000.0
AllPub,141000.0
AllPub,141000.0
AllPub,141000.0
AllPub,141000.0
AllPub,141000.0
AllPub,141000.0
AllPub,141000.0
AllPub,140200.0
AllPub,140000.0
AllPub,140000.0
AllPub,140000.0
AllPub,140000.0
AllPub,140000.0
AllPub,140000.0
AllPub,140000.0
AllPub,140000.0
AllPub,140000.0
AllPub,140000.0
AllPub,140000.0
AllPub,140000.0
AllPub,140000.0
AllPub,140000.0
AllPub,140000.0
AllPub,140000.0
AllPub,140000.0
AllPub,140000.0
AllPub,140000.0
AllPub,140000.0
AllPub,139950.0
AllPub,139900.0
AllPub,139600.0
AllPub,139500.0
AllPub,139400.0
AllPub,139400.0
AllPub,139000.0
AllPub,139000.0
AllPub,139000.0
AllPub,139000.0
AllPub,139000.0
AllPub,139000.0
AllPub,139000.0
AllPub,139000.0
AllPub,139000.0
AllPub,139000.0
AllPub,139000.0
AllPub,138887.0
AllPub,138800.0
AllPub,138500.0
AllPub,138500.0
AllPub,138000.0
AllPub,138000.0
AllPub,138000.0
AllPub,137900.0
AllPub,137500.0
AllPub,137500.0
AllPub,137500.0
NoSeWa,137500.0
AllPub,137500.0
AllPub,137500.0
AllPub,137450.0
AllPub,137000.0
AllPub,137000.0
AllPub,137000.0
AllPub,137000.0
AllPub,137000.0
AllPub,136905.0
AllPub,136900.0
AllPub,136500.0
AllPub,136500.0
AllPub,136500.0
AllPub,136500.0
AllPub,136500.0
AllPub,136000.0
AllPub,136000.0
AllPub,136000.0
AllPub,135960.0
AllPub,135900.0
AllPub,135750.0
AllPub,135500.0
AllPub,135500.0
AllPub,135000.0
AllPub,135000.0
AllPub,135000.0
AllPub,135000.0
AllPub,135000.0
AllPub,135000.0
AllPub,135000.0
AllPub,135000.0
AllPub,135000.0
AllPub,135000.0
AllPub,135000.0
AllPub,135000.0
AllPub,135000.0
AllPub,135000.0
AllPub,135000.0
AllPub,135000.0
AllPub,135000.0
AllPub,134900.0
AllPub,134900.0
AllPub,134800.0
AllPub,134500.0
AllPub,134500.0
AllPub,134450.0
AllPub,134432.0
AllPub,134000.0
AllPub,134000.0
AllPub,134000.0
AllPub,133900.0
AllPub,133900.0
AllPub,133700.0
AllPub,133500.0
AllPub,133000.0
AllPub,133000.0
AllPub,133000.0
AllPub,133000.0
AllPub,133000.0
AllPub,133000.0
AllPub,132500.0
AllPub,132500.0
AllPub,132500.0
AllPub,132500.0
AllPub,132500.0
AllPub,132500.0
AllPub,132250.0
AllPub,132000.0
AllPub,132000.0
AllPub,132000.0
AllPub,132000.0
AllPub,132000.0
AllPub,132000.0
AllPub,131500.0
AllPub,131500.0
AllPub,131500.0
AllPub,131400.0
AllPub,131000.0
AllPub,131000.0
AllPub,131000.0
AllPub,130500.0
AllPub,130500.0
AllPub,130500.0
AllPub,130250.0
AllPub,130000.0
AllPub,130000.0
AllPub,130000.0
AllPub,130000.0
AllPub,130000.0
AllPub,130000.0
AllPub,130000.0
AllPub,130000.0
AllPub,130000.0
AllPub,130000.0
AllPub,130000.0
AllPub,129900.0
AllPub,129900.0
AllPub,129900.0
AllPub,129900.0
AllPub,129500.0
AllPub,129500.0
AllPub,129500.0
AllPub,129500.0
AllPub,129000.0
AllPub,129000.0
AllPub,129000.0
AllPub,129000.0
AllPub,129000.0
AllPub,129000.0
AllPub,129000.0
AllPub,129000.0
AllPub,128950.0
AllPub,128900.0
AllPub,128500.0
AllPub,128500.0
AllPub,128500.0
AllPub,128500.0
AllPub,128200.0
AllPub,128000.0
AllPub,128000.0
AllPub,128000.0
AllPub,128000.0
AllPub,128000.0
AllPub,128000.0
AllPub,128000.0
AllPub,127500.0
AllPub,127500.0
AllPub,127500.0
AllPub,127500.0
AllPub,127500.0
AllPub,127500.0
AllPub,127000.0
AllPub,127000.0
AllPub,127000.0
AllPub,127000.0
AllPub,127000.0
AllPub,127000.0
AllPub,127000.0
AllPub,127000.0
AllPub,127000.0
AllPub,126500.0
AllPub,126175.0
AllPub,126000.0
AllPub,126000.0
AllPub,126000.0
AllPub,125500.0
AllPub,125500.0
AllPub,125500.0
AllPub,125500.0
AllPub,125000.0
AllPub,125000.0
AllPub,125000.0
AllPub,125000.0
AllPub,125000.0
AllPub,125000.0
AllPub,125000.0
AllPub,125000.0
AllPub,125000.0
AllPub,125000.0
AllPub,124900.0
AllPub,124900.0
AllPub,124500.0
AllPub,124500.0
AllPub,124500.0
AllPub,124500.0
AllPub,124000.0
AllPub,124000.0
AllPub,124000.0
AllPub,124000.0
AllPub,124000.0
AllPub,124000.0
AllPub,123600.0
AllPub,123500.0
AllPub,123000.0
AllPub,123000.0
AllPub,123000.0
AllPub,123000.0
AllPub,122900.0
AllPub,122500.0
AllPub,122500.0
AllPub,122000.0
AllPub,122000.0
AllPub,122000.0
AllPub,122000.0
AllPub,121600.0
AllPub,121500.0
AllPub,121000.0
AllPub,120500.0
AllPub,120500.0
AllPub,120500.0
AllPub,120500.0
AllPub,120000.0
AllPub,120000.0
AllPub,120000.0
AllPub,120000.0
AllPub,120000.0
AllPub,120000.0
AllPub,120000.0
AllPub,119900.0
AllPub,119900.0
AllPub,119750.0
AllPub,119500.0
AllPub,119500.0
AllPub,119500.0
AllPub,119500.0
AllPub,119200.0
AllPub,119000.0
AllPub,119000.0
AllPub,119000.0
AllPub,119000.0
AllPub,119000.0
AllPub,119000.0
AllPub,119000.0
AllPub,118964.0
AllPub,118858.0
AllPub,118500.0
AllPub,118500.0
AllPub,118500.0
AllPub,118500.0
AllPub,118400.0
AllPub,118000.0
AllPub,118000.0
AllPub,118000.0
AllPub,118000.0
AllPub,118000.0
AllPub,118000.0
AllPub,117500.0
AllPub,117500.0
AllPub,117000.0
AllPub,117000.0
AllPub,117000.0
AllPub,117000.0
AllPub,116900.0
AllPub,116500.0
AllPub,116050.0
AllPub,116000.0
AllPub,116000.0
AllPub,116000.0
AllPub,115000.0
AllPub,115000.0
AllPub,115000.0
AllPub,115000.0
AllPub,115000.0
AllPub,115000.0
AllPub,115000.0
AllPub,115000.0
AllPub,115000.0
AllPub,115000.0
AllPub,115000.0
AllPub,115000.0
AllPub,114504.0
AllPub,114500.0
AllPub,114500.0
AllPub,113000.0
AllPub,113000.0
AllPub,113000.0
AllPub,113000.0
AllPub,113000.0
AllPub,113000.0
AllPub,112500.0
AllPub,112500.0
AllPub,112000.0
AllPub,112000.0
AllPub,112000.0
AllPub,112000.0
AllPub,112000.0
AllPub,112000.0
AllPub,112000.0
AllPub,111250.0
AllPub,111000.0
AllPub,110500.0
AllPub,110500.0
AllPub,110000.0
AllPub,110000.0
AllPub,110000.0
AllPub,110000.0
AllPub,110000.0
AllPub,110000.0
AllPub,110000.0
AllPub,110000.0
AllPub,110000.0
AllPub,110000.0
AllPub,110000.0
AllPub,110000.0
AllPub,110000.0
AllPub,109900.0
AllPub,109900.0
AllPub,109900.0
AllPub,109500.0
AllPub,109500.0
AllPub,109500.0
AllPub,109500.0
AllPub,109008.0
AllPub,109000.0
AllPub,109000.0
AllPub,108959.0
AllPub,108500.0
AllPub,108480.0
AllPub,108000.0
AllPub,108000.0
AllPub,108000.0
AllPub,108000.0
AllPub,108000.0
AllPub,108000.0
AllPub,107900.0
AllPub,107500.0
AllPub,107500.0
AllPub,107500.0
AllPub,107400.0
AllPub,107000.0
AllPub,107000.0
AllPub,107000.0
AllPub,106500.0
AllPub,106500.0
AllPub,106250.0
AllPub,106000.0
AllPub,106000.0
AllPub,106000.0
AllPub,105900.0
AllPub,105500.0
AllPub,105000.0
AllPub,105000.0
AllPub,105000.0
AllPub,105000.0
AllPub,105000.0
AllPub,104900.0
AllPub,104900.0
AllPub,104000.0
AllPub,103600.0
AllPub,103200.0
AllPub,103000.0
AllPub,102776.0
AllPub,102000.0
AllPub,102000.0
AllPub,102000.0
AllPub,101800.0
AllPub,101000.0
AllPub,100000.0
AllPub,100000.0
AllPub,100000.0
AllPub,100000.0
AllPub,100000.0
AllPub,100000.0
AllPub,100000.0
AllPub,100000.0
AllPub,100000.0
AllPub,99900.0
AllPub,99500.0
AllPub,98600.0
AllPub,98300.0
AllPub,98000.0
AllPub,98000.0
AllPub,98000.0
AllPub,97500.0
AllPub,97000.0
AllPub,97000.0
AllPub,97000.0
AllPub,96500.0
AllPub,96500.0
AllPub,95000.0
AllPub,95000.0
AllPub,94750.0
AllPub,94500.0
AllPub,94000.0
AllPub,93500.0
AllPub,93500.0
AllPub,93000.0
AllPub,93000.0
AllPub,93000.0
AllPub,92900.0
AllPub,92000.0
AllPub,91500.0
AllPub,91500.0
AllPub,91300.0
AllPub,91000.0
AllPub,91000.0
AllPub,91000.0
AllPub,90350.0
AllPub,90000.0
AllPub,90000.0
AllPub,90000.0
AllPub,89500.0
AllPub,89500.0
AllPub,89471.0
AllPub,89000.0
AllPub,88000.0
AllPub,88000.0
AllPub,88000.0
AllPub,88000.0
AllPub,87500.0
AllPub,87000.0
AllPub,87000.0
AllPub,87000.0
AllPub,87000.0
AllPub,86000.0
AllPub,86000.0
AllPub,86000.0
AllPub,85500.0
AllPub,85400.0
AllPub,85000.0
AllPub,85000.0
AllPub,85000.0
AllPub,85000.0
AllPub,84900.0
AllPub,84500.0
AllPub,84500.0
AllPub,84500.0
AllPub,84000.0
AllPub,83500.0
AllPub,83000.0
AllPub,83000.0
AllPub,82500.0
AllPub,82500.0
AllPub,82500.0
AllPub,82000.0
AllPub,82000.0
AllPub,82000.0
AllPub,81000.0
AllPub,81000.0
AllPub,81000.0
AllPub,80500.0
AllPub,80000.0
AllPub,80000.0
AllPub,80000.0
AllPub,80000.0
AllPub,79900.0
AllPub,79900.0
AllPub,79500.0
AllPub,79000.0
AllPub,79000.0
AllPub,79000.0
AllPub,78000.0
AllPub,76500.0
AllPub,76000.0
AllPub,75500.0
AllPub,75000.0
AllPub,73000.0
AllPub,72500.0
AllPub,68500.0
AllPub,68400.0
AllPub,67000.0
AllPub,67000.0
AllPub,66500.0
AllPub,64500.0
AllPub,62383.0
AllPub,61000.0
AllPub,60000.0
AllPub,60000.0
AllPub,60000.0
AllPub,58500.0
AllPub,55993.0
AllPub,55000.0
AllPub,55000.0
AllPub,52500.0
AllPub,52000.0
AllPub,40000.0
AllPub,39300.0
AllPub,37900.0
AllPub,35311.0
AllPub,34900.0
